product_name,actual_price,offer_price,no.of_ratings,reviews,averager_rating,brand,offer_%
ASUS Vivobook 15 Intel Core i5 12th Gen 1235U,66990,45990,7265,408,4.2,ASUS,31
Acer Aspire 3 Intel Celeron Dual Core,32999,15990,923,109,3.8,Acer,51
Lenovo Chromebook MediaTek Kompanio 520,28690,13990,1748,160,3.8,Lenovo,51
SAMSUNG Galaxy Book4 Metal Intel Core i3 13th Gen 1315U,57499,40990,3472,399,4.5,SAMSUNG,28
Infinix Y3 Max Series Intel Core i5 12th Gen 1235U,69990,29990,340,65,4.3,Infinix,57
DELL Latitude 3440 (2024) Intel Core i3 12th Gen 1215U,69999,29890,72,4,4.1,DELL,57
Lenovo 100e Chromebook Gen 4 MediaTek Kompanio 520,16298,9999,12,0,4.0,Lenovo,38
Lenovo V15 AMD Ryzen 3 Quad Core 7th Gen 7320U,39990,27490,90,11,4.0,Lenovo,31
Acer Aspire 3 Intel Celeron Dual Core,33999,17990,923,109,3.8,Acer,47
"ASUS Vivobook 15, with Backlit Keyboard, Intel Core i5 12th Gen 1235U",66990,50990,7265,408,4.2,ASUS,23
ASUS Expertbook P1 Intel Core i3 13th Gen 1315U,69990,36990,137,24,3.9,ASUS,47
Acer Aspire Lite AMD Ryzen 3 Quad Core 5300U,52990,28990,43,7,4.2,Acer,45
ASUS Vivobook Go 15 AMD Ryzen 3 Quad Core 7320U,50990,33990,2938,283,4.2,ASUS,33
ASUS Vivobook 15 Intel Core i5 12th Gen 1235U,69990,40990,7265,408,4.2,ASUS,41
Acer Aspire 3 Intel Celeron Dual Core,35999,19990,923,109,3.8,Acer,44
MSI Thin 15 Intel Core i5 12th Gen 12450H,70990,51990,1291,103,4.3,MSI,26
Acer Aspire 3 Backlit AMD Ryzen 5 Hexa Core 7430U,59990,38990,1570,204,4.1,Acer,35
Lenovo IdeaPad Slim 3 Intel Core i5 12th Gen 12450H,70090,48990,2155,106,4.2,Lenovo,30
Acer Aspire 3 Intel Celeron Dual Core N4500,32999,22990,2242,181,3.9,Acer,30
Acer Predator Helios Neo 16 Intel Core i7 14th Gen 14700HX,142999,104990,182,27,4.4,Acer,26
MOTOROLA Motobook 60 Full Metal Intel Core 5 (Series 2) 210H,93690,66990,31,7,4.5,MOTOROLA,28
HP Laptop Intel Core i3 13th Gen 1315U,50903,38990,55,8,4.2,HP,23
"ASUS Vivobook 15, with Backlit Keyboard, Intel Core i3 12th Gen 1215U",54990,35990,6315,473,4.3,ASUS,34
Lenovo Yoga Slim 7 Intel Core Ultra 5 125H,125890,78990,42,5,4.3,Lenovo,37
ASUS Vivobook 15 Intel Core i3 12th Gen 1215U,54990,37990,6315,473,4.3,ASUS,30
"ASUS Vivobook 16 (2025), Copilot + PC with Office 2024 + M365 Basic*, AI PC Qualcomm Snapdragon X",84990,65990,41,4,4.0,ASUS,22
Lenovo 100e Chromebook Gen 4 MediaTek Kompanio 520,16298,9999,12,0,4.0,Lenovo,38
CHUWI Intel Celeron Quad Core 12th Gen N100,34990,17990,505,90,4.1,CHUWI,48
HP Omen AMD Ryzen 7 Octa Core 7840HS,123652,95990,301,36,4.4,HP,22
Acer Aspire 3 Intel Celeron Dual Core N4500,29990,23990,2242,181,3.9,Acer,20
HP Victus Intel Core i5 13th Gen 13420H,95746,75990,28,1,3.9,HP,20
CHUWI Intel Core i3 12th Gen 1220P,44490,24990,35,6,3.7,CHUWI,43
ASUS Vivobook Go 15 OLED AMD Ryzen 3 Quad Core 7320U,61990,41990,3716,406,4.4,ASUS,32
Acer Aspire 3 Backlit AMD Ryzen 7 Octa Core 7730U,74990,46990,573,48,4.0,Acer,37
ASUS Vivobook 15 Intel Core i7 13th Gen 13620H,85990,66990,27,3,4.1,ASUS,22
Lenovo Chromebook MediaTek Kompanio 520,30790,14990,1748,160,3.8,Lenovo,51
Lenovo LOQ Intel Core i5 13th Gen 13450HX,104490,77990,1569,132,4.3,Lenovo,25
ASUS TUF Gaming A15 AMD Ryzen 7 Octa Core 7435HS,75990,58900,999,79,4.3,ASUS,22
Lenovo V14 Intel Core i7 12th Gen 1255U,68999,44999,1439,125,4.1,Lenovo,34
DELL 15 AMD Ryzen 5 Hexa Core 7530U,55135,41990,21,2,4.4,DELL,23
Lenovo Yoga Slim 7 WUXGA OLED AI PC Intel Core Ultra 7 155H,146890,98990,20,2,4.3,Lenovo,32
Acer Aspire 3 Intel Core i5 13th Gen 1334U,64999,45990,149,15,4.3,Acer,29
ASUS Vivobook Go 15 AMD Ryzen 5 Quad Core 7520U,50990,37990,1444,89,4.2,ASUS,25
HP 15s Backlit Keyboard AMD Ryzen 3 Quad Core 7320U,46577,28990,522,54,4.3,HP,37
ASUS Vivobook 15 Intel Core i3 13th Gen 1315U,56990,41990,118,13,4.3,ASUS,26
Lenovo Yoga Slim 7 Intel Core Ultra 7 155H,153190,87990,38,0,4.3,Lenovo,42
Lenovo Lenovo V15 G3 IAP Intel Core i5 12th Gen 1235U,92014,39141,143,14,4.0,Lenovo,57
SAMSUNG Galaxy Book4 Metal Intel Core i5 13th Gen 1335U,82789,58490,6925,597,4.5,SAMSUNG,29
DELL MSO'2024 Intel Core i3 13th Gen 1305U,48900,36490,140,9,4.2,DELL,25
Lenovo IdeaPad Slim 5 Co-Pilot PC Snapdragon X Plus,125890,54990,160,24,4.2,Lenovo,56
Lenovo 100e Chromebook Gen 4 MediaTek Kompanio 520,16298,9999,12,0,4.0,Lenovo,38
CHUWI Intel Celeron Quad Core 12th Gen N100,34990,17990,505,90,4.1,CHUWI,48
ASUS Chromebook Intel Celeron Dual Core N4500,32990,13990,2825,250,3.8,ASUS,57
Lenovo Lenovo V15 G3 IAP Intel Core i7 12th Gen 1255U,90540,47990,64,6,4.1,Lenovo,46
HP AMD Ryzen 5 Quad Core 7520U,53413,36990,23,3,4.1,HP,30
Lenovo Intel Core i5 12th Gen 1235U,88414,37341,45,7,4.2,Lenovo,57
HP Victus Intel Core i5 13th Gen 13420H,95746,75990,28,1,3.9,HP,20
DELL Intel Core i3 13th Gen 1305U,46027,35990,384,33,4.1,DELL,21
ASUS Vivobook 15 Intel Core i3 13th Gen 1315U,57990,38990,118,13,4.3,ASUS,32
Acer Swift Go 14 TouchScreen AI PC Intel Core Ultra 7 155H,101999,94990,113,12,4.2,Acer,6
DELL G15 Intel Core i5 13th Gen 13450HX,93021,71990,76,6,4.0,DELL,22
CHUWI Intel Core i3 12th Gen 1220P,44490,24990,35,6,3.7,CHUWI,43
MSI Modern 14 Intel Core i7 12th Gen 1255U,78990,42999,181,21,4.3,MSI,45
Lenovo LOQ Essential Intel Core i7 12th Gen 12650HX,95090,68990,43,4,4.1,Lenovo,27
Acer Aspire 3 Intel Core i5 13th Gen 1334U,66999,45990,149,15,4.3,Acer,31
Lenovo IdeaPad Slim 5 WUXGA OLED AI PC Intel Core Ultra 5 125H,101090,76990,332,38,4.1,Lenovo,23
Acer Aspire Intel Core i5 12th Gen 12450H,56990,47990,537,53,4.1,Acer,15
Acer Chromebook Plus Google AI Intel Core i3 13th Gen 1315U,52999,22499,262,27,3.8,Acer,57
HP 15R (2025) Intel Core i3 13th Gen 1315U,85000,34099,20,0,3.7,HP,59
ASUS Vivobook 15 (2025) with Office 2024 + M365 Basic* Intel Core i3 13th Gen 1315U,56990,41990,236,26,4.4,ASUS,26
ASUS Chromebook Intel Celeron Dual Core N4500,32990,16990,2437,221,3.8,ASUS,48
ASUS Vivobook Go 15 OLED AMD Ryzen 5 Quad Core 7520U,74990,46990,2618,210,4.4,ASUS,37
MOTOROLA Motobook 60 Full Metal Intel Core 7 (Series 2) 240H,110490,78990,36,7,4.3,MOTOROLA,28
ASUS Vivobook Go 15 OLED AMD Ryzen 5 Quad Core 7520U,74990,46990,2618,210,4.4,ASUS,37
ASUS Expertbook P1 Intel Core i7 13th Gen 13620H,99990,62990,38,7,4.5,ASUS,37
SAMSUNG Galaxy Book4 Intel Core 5 120U,86239,62490,156,16,4.4,SAMSUNG,27
Lenovo 100e Chromebook Gen 4 MediaTek Kompanio 520,16298,9999,12,0,4.0,Lenovo,38
CHUWI Intel Celeron Quad Core 12th Gen N100,34990,17990,505,90,4.1,CHUWI,48
ASUS Vivobook 15 Intel Core i3 13th Gen 1315U,54990,38990,118,13,4.3,ASUS,29
DELL Intel Celeron Quad Core,48990,21390,0,0,0.0,DELL,56
HP Victus Intel Core i5 13th Gen 13420H,95746,75990,28,1,3.9,HP,20
DELL Intel Core i3 13th Gen 1305U,46027,35990,384,33,4.1,DELL,21
MOTOROLA Motobook 60 Full Metal Intel Core 7 (Series 2) 240H,110490,78990,36,7,4.3,MOTOROLA,28
"ASUS Vivobook 15, with Backlit Keyboard, Intel Core i5 13th Gen 1335U",74990,50990,108,4,4.2,ASUS,32
HP Chromebook Intel Celeron Dual Core N4120,32295,16990,1794,143,3.9,HP,47
ASUS Vivobook 15 Intel Core i5 12th Gen 1235U,69990,40990,7265,408,4.2,ASUS,41
DELL G15 Intel Core i5 13th Gen 13450HX,93021,71990,76,6,4.0,DELL,22
CHUWI Intel Core i3 12th Gen 1220P,44490,24990,35,6,3.7,CHUWI,43
ASUS Vivobook Go 15 OLED AMD Ryzen 3 Quad Core 7320U,61990,41990,3716,406,4.4,ASUS,32
"ASUS Vivobook S 15 OLED Powered Copilot + , AI PC Snapdragon X Elite",146990,94990,28,2,4.2,ASUS,35
DELL 15 Intel Core i3 12th Gen 1215U,44861,32990,639,45,4.2,DELL,26
HP 14R (2025) Intel Core i3 13th Gen 1315U,82990,38990,11,4,4.5,HP,53
Lenovo AMD Ryzen 3 Quad Core 7330U,85371,33990,29,6,4.1,Lenovo,60
ASUS Vivobook S 15 OLED Intel Core i9 13th Gen 13900H,116990,92832,43,7,3.9,ASUS,20
ASUS Vivobook Go 15 AMD Ryzen 5 Quad Core 7520U,55990,41990,1018,72,4.2,ASUS,25
HP 255 G10 (2024) AMD Ryzen 3 Quad Core 7320U,31990,25999,366,33,4.1,HP,18
Lenovo 100e Chromebook Gen 4 MediaTek Kompanio 520,16298,9999,12,0,4.0,Lenovo,38
CHUWI Intel Celeron Quad Core 12th Gen N100,34990,17990,505,90,4.1,CHUWI,48
ASUS Vivobook Go 15 AMD Ryzen 5 Quad Core 7520U,50990,37990,1444,89,4.2,ASUS,25
HP 250R G9 Intel Core i3 13th Gen i3-1315U up to 4.5 GHz with Intel Turbo Boost,54999,33490,75,5,4.1,HP,39
HP Victus Intel Core i5 13th Gen 13420H,95746,75990,28,1,3.9,HP,20
DELL Intel Core i3 13th Gen 1305U,46027,35990,384,33,4.1,DELL,21
ASUS Vivobook S 15 Intel Core i9 13th Gen 13900H,110990,83990,88,8,4.5,ASUS,24
ASUS Chromebook Intel Celeron Dual Core N4500,32990,15990,2437,221,3.8,ASUS,51
HP AMD Ryzen 5 Quad Core 7520U,56831,42990,66,10,4.0,HP,24
Acer One Intel Core i3 11th Gen 1115G4,43999,28990,13046,963,4.2,Acer,34
DELL G15 Intel Core i5 13th Gen 13450HX,93021,71990,76,6,4.0,DELL,22
CHUWI Intel Core i3 12th Gen 1220P,44490,24990,35,6,3.7,CHUWI,43
ASUS Vivobook 15 Intel Core i3 13th Gen 1315U,57990,38990,14,0,3.6,ASUS,32
Lenovo IdeaPad 1 Intel Celeron Dual Core N4020,38790,24989,399,33,3.9,Lenovo,35
Lenovo MSO'2024 AMD Ryzen 5 Hexa Core 5625U,56490,37990,4309,383,4.2,Lenovo,32
"ASUS Vivobook 16X (2025) for Creator with Office 2024 + M365 Basic, Intel Core i5 13th Gen 13420H",89990,72990,195,13,4.3,ASUS,18
Acer Aspire Lite AMD Ryzen 5 Hexa Core 5625U,63999,37990,1025,92,4.1,Acer,40
"ASUS Zenbook 14 OLED (2025) with Office 2024 + M365 Basic*, AI PC Intel Core Ultra 5 225H",135990,112990,4,0,5.0,ASUS,16
"DELL Inspiron 15 with Backlit Keyboard, Intel Core i5 13th Gen 1335U",92863,59990,720,38,4.2,DELL,35
DELL 15 Intel Core i5 12th Gen 1235U,62415,45990,191,6,4.2,DELL,26
HP 250R G9 (2024) Intel Core i3 13th Gen Intel Core i3,39724,32349,39,1,4.5,HP,18
Acer Swift Go 14 EVO OLED Intel Core i5 13th Gen 13500H,93999,59990,5077,448,4.3,Acer,36
DELL Latitude 3540 (2025) Intel Core i3 12th Gen 1215U,70990,33400,45,3,4.2,DELL,52
ASUS Vivobook 15 Intel Core i3 12th Gen 1215U,56990,32990,7078,569,4.3,ASUS,42
Lenovo 100e Chromebook Gen 4 MediaTek Kompanio 520,16298,9999,12,0,4.0,Lenovo,38
CHUWI Intel Celeron Quad Core 12th Gen N100,34990,17990,505,90,4.1,CHUWI,48
Lenovo AMD Ryzen 7 Octa Core 7730U,76990,39990,277,30,4.1,Lenovo,48
HP Intel Core i5 12th Gen 1235U,62526,51490,7061,331,4.3,HP,17
HP AMD Ryzen 3 Quad Core 7320U,47716,33999,54,7,4.3,HP,28
Infinix Y4 Max Series Intel Core i5 13th Gen 1335U,64990,34990,385,59,4.2,Infinix,46
HP Victus Intel Core i5 13th Gen 13420H,95746,75990,28,1,3.9,HP,20
DELL Intel Core i3 13th Gen 1305U,46027,35990,384,33,4.1,DELL,21
Acer Aspire Lite AMD Ryzen 7 Octa Core 5700U,68323,39990,278,30,4.0,Acer,41
HP Laptop Intel Core i3 N305,39995,30490,184,10,4.3,HP,23
DELL G15 Intel Core i5 13th Gen 13450HX,93021,71990,76,6,4.0,DELL,22
CHUWI Intel Core i3 12th Gen 1220P,44490,24990,35,6,3.7,CHUWI,43
Lenovo IdeaPad Slim 5 AI PC Intel Core Ultra 5 125H,107690,75990,377,48,4.1,Lenovo,29
Lenovo IdeaPad Slim 5 Intel Core i5 12th Gen 12450H,78590,57990,399,32,4.2,Lenovo,26
ASUS Vivobook Go 15 AMD Ryzen 5 Quad Core 7520U,50990,37990,1018,72,4.2,ASUS,25
ASUS TUF Gaming A15 AMD Ryzen 7 Octa Core 7435HS,70990,54990,999,79,4.3,ASUS,22
Lenovo LOQ Intel Core i5 12th Gen 12450HX,95890,71990,22,1,3.5,Lenovo,24
ASUS TUF Gaming A15 AMD Ryzen 5 Hexa Core 7535HS,79990,59990,564,50,4.4,ASUS,25
Lenovo V15 Series AMD Athlon Dual Core 7120U,38000,25990,808,59,4.2,Lenovo,31
Infinix GT Book Intel Core i5 12th Gen 12450H,99990,53990,560,88,4.3,Infinix,46
Lenovo IdeaPad Slim 3 Intel Core i3 13th Gen 1305U,55090,36990,70,9,4.1,Lenovo,32
Acer Aspire 7 Intel Core i5 13th Gen 13420H,89999,67990,1200,101,4.3,Acer,24
Lenovo IdeaPad Flex 5 Intel Core i7 13th Gen 1355U,128590,79990,45,3,4.3,Lenovo,37
Lenovo LOQ Intel Core i7 13th Gen 13650HX,141890,94990,299,21,4.3,Lenovo,33
Lenovo IdeaPad Slim 1 AMD Ryzen 5 Quad Core 7520U,65690,32990,422,25,4.0,Lenovo,49
Apple MacBook Air Apple M3,134900,125990,351,21,4.7,Apple,6
Lenovo 100e Chromebook Gen 4 MediaTek Kompanio 520,16298,9999,12,0,4.0,Lenovo,38
CHUWI Intel Celeron Quad Core 12th Gen N100,34990,17990,505,90,4.1,CHUWI,48
Lenovo IdeaPad Slim 3 15ABR8 AMD Ryzen 5 Hexa Core 5625U,59090,39990,4,1,4.8,Lenovo,32
ASUS VivoBook 14 Intel Core i3 11th Gen 1115G4,50990,31999,642,58,4.3,ASUS,37
HP Victus Intel Core i5 13th Gen 13420H,95746,75990,28,1,3.9,HP,20
CHUWI Intel Core i3 12th Gen 1220P,44490,24990,35,6,3.7,CHUWI,43
Lenovo Chromebook MediaTek Kompanio 520,30790,14990,1748,160,3.8,Lenovo,51
Acer Aspire Intel Core i3 13th Gen 1305U,50990,30990,60,7,4.1,Acer,39
Apple MacBook AIR Apple M2,85900,77990,18575,1141,4.7,Apple,9
Acer Aspire 7 Intel Core i5 13th Gen 13420H,84999,61990,2047,150,4.3,Acer,27
Lenovo IdeaPad 1 AMD Athlon Dual Core 7120U,38090,25990,2047,194,4.2,Lenovo,31
Acer Aspire 3 Intel Celeron Dual Core N4500,29990,23990,2242,181,3.9,Acer,20
Lenovo IdeaPad Slim 3 Intel Core i5 12th Gen 12450H,66090,41990,2155,106,4.2,Lenovo,36
ASUS Vivobook S14 (2025) with Office 2024 + M365 Basic* Intel Core i5 13th Gen 13420H,84990,67990,0,0,0.0,ASUS,20
Lenovo IdeaPad Slim 3 Intel Core i5 12th Gen 12450H,70090,48990,2155,106,4.2,Lenovo,30
Acer Aspire 3 Intel Celeron Dual Core N4500,30204,24500,210,28,3.8,Acer,18
Lenovo LOQ AMD Ryzen 7 Octa Core 7435HS,124790,91490,941,68,4.5,Lenovo,26
Lenovo IdeaPad Slim 3 Intel Core i3 13th Gen 1305U,55090,36990,70,9,4.1,Lenovo,32
Lenovo MSO'2024 AMD Ryzen 5 Hexa Core 5625U,56490,37990,4309,383,4.2,Lenovo,32
Acer One Intel Core i3 11th Gen 1115G4,43999,28990,13046,963,4.2,Acer,34
ASUS Chromebook Intel Celeron Dual Core N4500,32990,16990,2437,221,3.8,ASUS,48
Acer Aspire 7 Intel Core i5 13th Gen 13420H,89999,67990,1200,101,4.3,Acer,24
Lenovo IdeaPad Slim 3 Intel Core i3 12th Gen 1215U,58890,32990,1781,98,4.2,Lenovo,43
Acer Aspire 3 Intel Celeron Dual Core N4500,32999,22990,2242,181,3.9,Acer,30
Lenovo 100e Chromebook Gen 4 MediaTek Kompanio 520,16298,9999,12,0,4.0,Lenovo,38
CHUWI Intel Celeron Quad Core 12th Gen N100,34990,17990,505,90,4.1,CHUWI,48
HP (2024) Laptop with Backlit Keyboard Intel Core i5 12th Gen 1235U,54479,46390,12,1,4.3,HP,14
Lenovo IdeaPad Slim 1 Intel Celeron Dual Core N4020,40490,24978,2755,237,4.1,Lenovo,38
Acer Aspire Lite Intel Core i3 12th Gen 1215U,49990,37990,846,70,4.1,Acer,24
Lenovo LOQ AMD Ryzen 7 Octa Core 7435HS,108990,82490,941,68,4.5,Lenovo,24
HP Victus Intel Core i5 13th Gen 13420H,95746,75990,28,1,3.9,HP,20
DELL G15 Intel Core i5 13th Gen 13450HX,93021,71990,76,6,4.0,DELL,22
Apple MacBook Air Apple M3,174900,163990,0,0,0.0,Apple,6
HP Victus Intel Core i5 13th Gen 13420H,75142,65990,124,4,4.0,HP,12
CHUWI Intel Core i3 12th Gen 1220P,44490,24990,35,6,3.7,CHUWI,43
Acer Aspire 3 Backlit AMD Ryzen 7 Octa Core 7730U,74990,46990,573,48,4.0,Acer,37
Lenovo LOQ Intel Core i5 13th Gen 13450HX,104490,77990,1569,132,4.3,Lenovo,25
Lenovo V15 G2 Intel Core i3 11th Gen 1115G4,55000,31499,402,23,4.2,Lenovo,42
HP Laptop Intel Core i5 12th Gen 1235U,62963,44990,366,19,4.1,HP,28
MOTOROLA Motobook 60 Full Metal Intel Core 5 (Series 2) 210H,93690,66990,31,7,4.5,MOTOROLA,28
Apple MacBook AIR Apple M2,85900,77990,18575,1141,4.7,Apple,9
"ASUS Vivobook 15, with Backlit Keyboard, Intel Core i5 12th Gen 1235U",69990,46990,44,3,4.2,ASUS,32
ASUS Vivobook 15 (2025) with Office 2024 + M365 Basic* Intel Core i3 13th Gen 1315U,56990,41990,236,26,4.4,ASUS,26
Acer Aspire 3 Backlit AMD Ryzen 5 Hexa Core 7430U,54990,36990,1570,204,4.1,Acer,32
Lenovo Intel Core i5 12th Gen 1235U,88414,37341,45,7,4.2,Lenovo,57
HP (2024) Intel Core i3 12th Gen 1215U,45995,34990,124,6,3.9,HP,23
Acer Aspire 7 Intel Core i5 13th Gen 13420H,79999,59990,2047,150,4.3,Acer,25
Lenovo LOQ AMD Ryzen 5 Quad Core 7235HS,87990,62990,791,83,4.4,Lenovo,28
Lenovo LOQ AMD Ryzen 5 Quad Core 7235HS,82690,66990,791,83,4.4,Lenovo,18
HP Laptop AMD Ryzen 3 Quad Core 5300U,44783,40990,2143,183,4.2,HP,8
Acer Swift Go 14 Snapdragon X Plus,108799,59990,216,40,4.3,Acer,44
"ASUS Vivobook 16 (2025), Copilot + PC with Office 2024 + M365 Basic*, AI PC Qualcomm Snapdragon X",84990,65990,41,4,4.0,ASUS,22
Acer Swift Go 14 TouchScreen AI PC Intel Core Ultra 5 125H,92999,79990,656,83,4.3,Acer,13
MSI Modern 14 Intel Core i5 12th Gen 1235U,67990,41500,1833,180,4.3,MSI,38
DELL 15 Intel Core i3 12th Gen 1215U,44861,32990,639,45,4.2,DELL,26
Lenovo IdeaPad Slim 5 Co-Pilot PC Snapdragon X Plus,125890,54990,160,24,4.2,Lenovo,56
DELL Latitude 3540 (2024) Intel Core i3 12th Gen 1215U,70990,32990,102,7,3.9,DELL,53
HP G8 Intel Core i3 12th Gen 12 gen,74000,34600,197,11,3.9,HP,53
HP Victus Intel Core i5 12th Gen 12450H,72718,54990,2886,157,4.3,HP,24
DELL 15 Intel Core i3 12th Gen 1215U,48529,34990,204,10,4.3,DELL,27
CHUWI Intel Celeron Dual Core 11th Gen N4020,34990,16990,1505,188,3.7,CHUWI,51
Apple Apple M3,154900,144990,0,0,0.0,Apple,6
ASUS Vivobook 15 Intel Core i5 12th Gen 1235U,66990,45990,7265,408,4.2,ASUS,31
CHUWI Intel Celeron Quad Core 12th Gen N100,34990,17990,505,90,4.1,CHUWI,48
Infinix Y4 Max Series Intel Core i5 13th Gen 1335U,64990,34990,385,59,4.2,Infinix,46
DELL Inspiron 3535 AMD Ryzen 5 Quad Core 7520U,50304,37999,0,0,0.0,DELL,24
HP Victus AI Powered AMD Ryzen 7 Octa Core 7840HS,96136,76990,591,47,4.3,HP,19
Lenovo V15 Intel Intel Core i5 11th Gen 1135G7,81450,36990,42,3,4.1,Lenovo,54
Lenovo 100e Chromebook Gen 4 MediaTek Kompanio 520,16298,9999,12,0,4.0,Lenovo,38
CHUWI Intel Celeron Quad Core 12th Gen N100,34990,17990,505,90,4.1,CHUWI,48
DELL Intel Core i3 13th Gen 1305U,49422,37990,384,33,4.1,DELL,23
Acer Aspire 3 Backlit AMD Ryzen 7 Octa Core 7730U,79990,46990,573,48,4.0,Acer,41
HP Victus Intel Core i5 13th Gen 13420H,95746,75990,28,1,3.9,HP,20
DELL G15 Intel Core i5 13th Gen 13450HX,93021,71990,76,6,4.0,DELL,22
HP Pavilion x360 Intel Core i5 13th Gen 1335U,92746,70490,224,27,4.3,HP,23
Lenovo LOQ Intel Core i5 12th Gen 12450HX,105090,72990,751,58,4.2,Lenovo,30
HP Pavilion AI PC Intel Core Ultra 7 155U,104048,81990,11,1,4.2,HP,21
DELL Latitude 3440 (2024) Intel Core i3 12th Gen 1215U,69999,29890,72,4,4.1,DELL,57
CHUWI Intel Core i3 12th Gen 1220P,44490,24990,35,6,3.7,CHUWI,43
"ASUS Vivobook 16X (2025) for Creator with Office 2024 + M365 Basic, Intel Core i5 13th Gen 13420H",89990,72990,195,13,4.3,ASUS,18
HP Pavilion AMD Ryzen 5 Hexa Core 8540U,76924,54990,9,4,4.1,HP,28
Lenovo IdeaPad 1 AMD Ryzen 5 Quad Core 3500U,60090,39999,828,85,4.2,Lenovo,33
ASUS Vivobook Go 15 AMD Ryzen 5 Quad Core 7520U,50990,37990,1018,72,4.2,ASUS,25
ASUS Vivobook 14 (2025) with Office 2024 + M365 Basic* Intel Core i3 13th Gen 1315U,51990,38990,0,0,0.0,ASUS,25
Acer Aspire Lite AMD Ryzen 7 Octa Core 5700U,69990,50990,278,30,4.0,Acer,27
ASUS Vivobook 15 Intel Core i3 13th Gen 1315U,57990,38990,14,0,3.6,ASUS,32
ASUS Vivobook Go 15 AMD Ryzen 3 Quad Core 7320U,50990,33990,2354,234,4.2,ASUS,33
HP Pavilion AMD Ryzen 5 Dual Core 5500U,59899,47490,1732,173,4.5,HP,20
HP AMD Ryzen 5 Hexa Core 5500U,54552,35990,8249,593,4.2,HP,34
Lenovo LOQ Intel Core i5 12th Gen 12450HX,80090,60490,1487,108,4.3,Lenovo,24
ASUS Vivobook Go 14 (2025) with Office 2024 + M365 Basic* AMD Ryzen 5 Quad Core 7520U,53990,41890,1018,72,4.2,ASUS,22
MSI Modern 14 Intel Core i3 12th Gen 1215U,47990,32990,132,18,4.4,MSI,31
MSI Intel Core i5 12th Gen 1235U,58990,45990,0,0,0.0,MSI,22
Lenovo IdeaPad Flex 5 Intel Core i3 13th Gen 1315U,83890,48990,126,9,4.3,Lenovo,41
MSI Intel Core i5 12th Gen 1235U,55990,42990,8,1,4.0,MSI,23
DELL Intel Celeron Quad Core,48990,21390,0,0,0.0,DELL,56
Lenovo LOQ Intel Core i5 12th Gen 12450HX,93290,64990,6,1,3.5,Lenovo,30
MSI Modern 14 H Intel Core i7 13th Gen 13620H,78990,65990,101,10,4.1,MSI,16
Acer Aspire Lite Intel Core i5 12th Gen 1235U,61147,38799,219,11,3.7,Acer,36
Lenovo IdeaPad Pro 5 2.8K OLED AI PC Intel Core Ultra 9 185H,146890,102990,154,19,4.3,Lenovo,29
Lenovo ThinkBook 15 Intel Core i7 12th Gen 1255U,132300,67999,0,0,0.0,Lenovo,48
Lenovo IdeaPad Flex 5 Intel Core i7 13th Gen 1355U,128590,79990,45,3,4.3,Lenovo,37
Acer Swift Go 14 AMD Ryzen 5 Hexa Core 7430U,69999,44990,901,100,4.3,Acer,35
MSI Modern 14 H Intel Core i9 13th Gen 13900H,88990,74990,15,2,4.2,MSI,15
Lenovo Yoga 6 AMD Ryzen 7 Octa Core 7730U,121690,69990,94,6,4.1,Lenovo,42
ASUS Intel Celeron Dual Core N4500,37990,23999,4,0,3.8,ASUS,36
HP Pavilion AMD Ryzen 5 Dual Core 5500U,59899,47490,1732,173,4.5,HP,20
HP Chromebook Intel Celeron Quad Core N4120,32279,22999,2074,149,4.1,HP,28
Lenovo Yoga Slim 7 Intel Core Ultra 7 155H,153190,87990,38,0,4.3,Lenovo,42
Lenovo LOQ Intel Core i5 12th Gen 12450HX,95890,71990,22,1,3.5,Lenovo,24
Infinix X3 Slim Intel Intel Core i3 12th Gen 1215U,54990,27990,1656,209,4.2,Infinix,49
Lenovo Yoga Slim 7 WUXGA OLED AI PC Intel Core Ultra 7 155H,146890,98990,20,2,4.3,Lenovo,32
Lenovo IdeaPad 3 Intel Core i3 12th Gen 1215U,57790,39490,9,1,4.1,Lenovo,31
HP 15R (2025) Intel Core i3 13th Gen 1315U,74990,33490,0,0,0.0,HP,55
ASUS Vivobook Go 14 (2025) with Office 2024 + M365 Basic* AMD Ryzen 5 Quad Core 7520U,52990,41990,1018,72,4.2,ASUS,20
Lenovo Yoga Slim 7 Intel Core Ultra 7 155H,153190,87990,38,0,4.3,Lenovo,42
Lenovo Yoga Slim 7 WUXGA OLED AI PC Intel Core Ultra 7 155H,146890,98990,20,2,4.3,Lenovo,32
Acer Swift Go 14 Snapdragon X Plus,108799,59990,216,40,4.3,Acer,44
"ASUS Vivobook 16 (2025), Copilot + PC with Office 2024 + M365 Basic*, AI PC Qualcomm Snapdragon X",84990,65990,41,4,4.0,ASUS,22
HP 15R (2025) Intel Core i3 13th Gen 1315U,74990,33490,0,0,0.0,HP,55
Lenovo IdeaPad 3 Intel Core i3 12th Gen 1215U,57790,39490,9,1,4.1,Lenovo,31
DELL 15 Intel Core i3 12th Gen 1215U,44861,32990,639,45,4.2,DELL,26
Lenovo IdeaPad Slim 5 Co-Pilot PC Snapdragon X Plus,125890,54990,160,24,4.2,Lenovo,56
ASUS Vivobook 15 (2025) with Office 2024 + M365 Basic* Intel Core i3 13th Gen 1315U,56990,40160,236,26,4.4,ASUS,29
Acer Aspire Lite AMD Ryzen 3 Quad Core 5300U,52990,28990,43,7,4.2,Acer,45
Acer Aspire Lite AMD Ryzen 3 Quad Core 5300U,50990,29490,404,42,4.2,Acer,42
DELL 15 Intel Core i3 12th Gen 1215U,48529,34990,204,10,4.3,DELL,27
CHUWI Intel Celeron Dual Core 11th Gen N4020,34990,16990,1505,188,3.7,CHUWI,51
Acer Aspire 3 Intel Celeron Dual Core,33999,17990,923,109,3.8,Acer,47
Acer Swift Go 14 EVO OLED Intel Core i5 13th Gen 13500H,93999,59990,5077,448,4.3,Acer,36
CHUWI Intel Celeron Quad Core 12th Gen N100,34990,17990,505,90,4.1,CHUWI,48
DELL Intel Core i3 13th Gen 1305U,56870,36490,384,33,4.1,DELL,35
Lenovo IdeaPad Slim 3 Intel Core 5 120U,98290,57990,0,0,0.0,Lenovo,41
ASUS Intel Core i3 13th Gen,54999,37599,12,0,3.8,ASUS,31
HP Intel Core i5 12th Gen 1235U,70502,49300,366,19,4.1,HP,30
DELL 15 Intel Core i3 13th Gen 1305U,44527,35990,10,1,3.4,DELL,19
DELL 15 Intel Core i5 12th Gen 1235U,62415,45990,191,6,4.2,DELL,26
MSI Thin 15 Intel Core i5 13th Gen 13420H,94990,82990,13,2,4.6,MSI,12
Lenovo IdeaPad Slim 3 Intel Core i5 13th Gen 13420H,86590,57390,755,49,4.3,Lenovo,33
Lenovo 100e Chromebook Gen 4 MediaTek Kompanio 520,16298,9999,12,0,4.0,Lenovo,38
CHUWI Intel Celeron Quad Core 12th Gen N100,34990,17990,505,90,4.1,CHUWI,48
"DELL Inspiron 15 with Backlit Keyboard, Intel Core i5 13th Gen 1335U",92863,59990,720,38,4.2,DELL,35
HP Laptop Intel Core i3 13th Gen 1315U,50843,37990,456,28,4.2,HP,25
ASUS Vivobook S 15 OLED Intel Core i9 13th Gen 13900H,116990,89990,43,7,3.9,ASUS,23
HP 14s Intel Core i3 12th Gen 1215U,49509,34890,70,4,3.7,HP,29
HP Victus Intel Core i5 13th Gen 13420H,95746,75990,28,1,3.9,HP,20
DELL Intel Core i3 13th Gen 1305U,46027,35990,384,33,4.1,DELL,21
DELL Latitude 3440 (2024) Intel Core i3 12th Gen 1215U,69990,32190,0,0,0.0,DELL,54
HP 15R (2025) Intel Core i3 13th Gen 1315U,85000,34099,20,0,3.7,HP,59
DELL G15 Intel Core i5 13th Gen 13450HX,93021,71990,76,6,4.0,DELL,22
CHUWI Intel Core i3 12th Gen 1220P,44490,24990,35,6,3.7,CHUWI,43
ASUS Vivobook Go 14 AMD Ryzen 3 Quad Core 7320U,50990,33990,1533,149,4.3,ASUS,33
HP Laptop Intel Core i3 N305,39995,30490,184,10,4.3,HP,23
HP 15 G9 (2025) AMD Ryzen 3 Dual Core 3250U,52900,29990,53,4,4.2,HP,43
HP MS Office 2024 Intel Core i7 13th Gen 1355U,77507,68990,0,0,0.0,HP,10
Lenovo IdeaPad 3 Intel Core i3 12th Gen 1215U,49190,35690,531,41,4.3,Lenovo,27
Acer Aspire Lite AMD Ryzen 7 Octa Core 5700U,68323,39990,278,30,4.0,Acer,41
"DELL Inspiron 15 with Backlit Keyboard, Intel Core i5 12th Gen 1235U",85751,47999,344,17,4.3,DELL,44
Acer AMD Ryzen 7 Octa Core 5700U,59990,39990,0,0,0.0,Acer,33
"DELL Inspiron 15 with Backlit Keyboard, Intel Core i5 13th Gen 1334U",73163,54990,720,38,4.2,DELL,24
Lenovo V 15 (2025) Intel Core i5 12th Gen 1235U,90990,44490,5,0,5.0,Lenovo,51
HP MS Office 2024 Intel Core i7 13th Gen 1355U,77507,68990,0,0,0.0,HP,10
Apple 2020 Macbook Air Apple M1,89900,66990,17372,1356,4.7,Apple,25
Acer AMD Ryzen 7 Octa Core 5700U,59990,39990,0,0,0.0,Acer,33
Lenovo IdeaPad Slim 1 Intel Celeron Dual Core N4020,35999,22000,700,46,4.0,Lenovo,38
Acer Swift Go 14 Snapdragon X Plus,108799,59990,216,40,4.3,Acer,44
"ASUS Vivobook 16 (2025), Copilot + PC with Office 2024 + M365 Basic*, AI PC Qualcomm Snapdragon X",84990,65990,41,4,4.0,ASUS,22
Acer Aspire Lite AMD Ryzen 7 Octa Core 5700U,68323,39990,278,30,4.0,Acer,41
"DELL Inspiron 15 with Backlit Keyboard, Intel Core i5 12th Gen 1235U",85751,47999,344,17,4.3,DELL,44
DELL 15 Intel Core i3 12th Gen 1215U,44861,32990,639,45,4.2,DELL,26
Lenovo IdeaPad Slim 5 Co-Pilot PC Snapdragon X Plus,125890,54990,160,24,4.2,Lenovo,56
Lenovo V 15 (2025) Intel Core i5 12th Gen 1235U,90990,44490,5,0,5.0,Lenovo,51
"DELL Inspiron 15 with Backlit Keyboard, Intel Core i5 13th Gen 1334U",73163,54890,720,38,4.2,DELL,24
Lenovo IdeaPad 1 AMD Ryzen 3 Dual Core 3250U,54490,33490,1090,94,4.1,Lenovo,38
ASUS VivoBook 14 AMD Ryzen 5 Quad Core AMD R5-3500U,57999,37999,641,49,4.2,ASUS,34
DELL 15 Intel Core i3 12th Gen 1215U,48529,34990,204,10,4.3,DELL,27
CHUWI Intel Celeron Dual Core 11th Gen N4020,34990,16990,1505,188,3.7,CHUWI,51
Lenovo AMD Ryzen 7 Octa Core 7730U,76990,39990,277,30,4.1,Lenovo,48
HP AMD Ryzen 5 Hexa Core 5600H,70060,52590,0,0,0.0,HP,24
CHUWI Intel Celeron Quad Core 12th Gen N100,34990,17990,505,90,4.1,CHUWI,48
HP 250 G9 Intel Celeron Dual Core N4500,27734,23490,47,3,4.1,HP,15
MSI Thin 15 Intel Core i5 12th Gen 12450H,70990,51990,1291,103,4.3,MSI,26
MSI Thin 15 Intel Core i5 12th Gen 12450H,75990,59990,666,63,4.4,MSI,21
Acer One 14 AMD Ryzen 3 Dual Core 3250U,38990,24530,668,68,4.0,Acer,37
Acer Swift Go 14 Snapdragon X Plus,108799,59990,216,40,4.3,Acer,44
"ASUS Vivobook 16 (2025), Copilot + PC with Office 2024 + M365 Basic*, AI PC Qualcomm Snapdragon X",84990,65990,41,4,4.0,ASUS,22
HP Victus Intel Core i5 13th Gen 13420H,87990,71990,35,0,4.3,HP,18
HP Victus 15 Intel Core i5 13th Gen 13420H,92110,69990,1224,79,4.4,HP,24
DELL 15 Intel Core i3 12th Gen 1215U,44861,32990,639,45,4.2,DELL,26
Lenovo IdeaPad Slim 5 Co-Pilot PC Snapdragon X Plus,125890,54990,160,24,4.2,Lenovo,56
HP 15 G9 (2025) AMD Ryzen 3 Dual Core 3250U,50990,29990,4,0,5.0,HP,41
HP 255 G9 Silver AMD Ryzen 5 Hexa Core AMD Ryzen5-5625U,55990,31790,213,17,4.1,HP,43
Acer Predator Helios 16 Intel Core i9 14th Gen 14900HX,256999,234000,9,1,4.4,Acer,8
DELL 15 Intel Core i3 12th Gen 1215U,48529,34990,204,10,4.3,DELL,27
CHUWI Intel Celeron Dual Core 11th Gen N4020,34990,16990,1505,188,3.7,CHUWI,51
CHUWI Intel Celeron Dual Core 11th Gen N4020,39990,18990,1505,188,3.7,CHUWI,52
Acer Predator Helios 16 Intel Core i9 14th Gen 14900HX,199999,184990,9,0,4.6,Acer,7
CHUWI Intel Celeron Quad Core 12th Gen N100,34990,17990,505,90,4.1,CHUWI,48
HP 250 G9 Intel Core i3 12th Gen Intel Core i3 1215U,47554,33200,713,36,4.2,HP,30
ASUS Vivobook GO 15 AMD Ryzen 5 Quad Core 7520U,58990,42990,88,4,4.2,ASUS,27
"ASUS TUF Gaming F15, 90WHrs Battery Intel Core i7 13th Gen 13620H",121990,97990,50,3,4.5,ASUS,19
HP Victus Gaming 15-With Backlit AMD Ryzen 5 Hexa Core R5-5600H,69688,54990,762,55,4.3,HP,21
DELL 15 Intel Core i3 13th Gen 1305U,44527,35990,10,1,3.4,DELL,19
DELL 15 Intel Core i5 12th Gen 1235U,62415,45990,191,6,4.2,DELL,26
Lenovo V 14 (2025) Intel Core i5 12th Gen 1235U,82990,39490,7,1,3.6,Lenovo,52
MSI Thin 15 Intel Core i7 13th Gen 13620H,103990,91990,11,1,4.2,MSI,11
Lenovo 100e Chromebook Gen 4 MediaTek Kompanio 520,16298,9999,12,0,4.0,Lenovo,38
CHUWI Intel Celeron Quad Core 12th Gen N100,34990,17990,505,90,4.1,CHUWI,48
Primebook 4G Android based MediaTek MT8788,23990,15490,0,0,0.0,Primebook,35
"ASUS Vivobook S 15 OLED Powered Copilot + , AI PC Snapdragon X Elite",146990,94990,28,2,4.2,ASUS,35
Lenovo IdeaPad Slim 5 WUXGA IPS AI PC Intel Core Ultra 5 125H,103790,69990,377,48,4.1,Lenovo,32
Lenovo IdeaPad Slim 3 AMD Ryzen 3 Quad Core 7320U,49990,32509,16,1,4.0,Lenovo,34
HP Victus Intel Core i5 13th Gen 13420H,95746,75990,28,1,3.9,HP,20
DELL G15 Intel Core i5 13th Gen 13450HX,93021,71990,76,6,4.0,DELL,22
ASUS Vivobook 15 Intel Core 5 120U,79999,58599,0,0,0.0,ASUS,26
ASUS AMD Ryzen 3 Quad Core,50990,31490,0,0,0.0,ASUS,38
CHUWI Intel Core i3 12th Gen 1220P,44490,24990,35,6,3.7,CHUWI,43
Lenovo IdeaPad Slim 5 AI PC Intel Core Ultra 5 125H,107690,75990,377,48,4.1,Lenovo,29
HP AMD Athlon Dual Core,50648,23500,1002,67,4.1,HP,53
Lenovo IdeaPad Slim 5 2.5K IPS Intel Core i5 13th Gen 13500H,107690,73490,519,63,4.2,Lenovo,31
"ASUS Vivobook 16 (2025), Copilot + PC with Office 2024 + M365 Basic*, AI PC Qualcomm Snapdragon X",84990,65990,41,4,4.0,ASUS,22
MSI Intel Core i7 12th Gen 1255U,64990,43990,0,0,0.0,MSI,32
HP AMD Ryzen 5 Hexa Core 5600H,70060,52590,0,0,0.0,HP,24
Lenovo V14 Intel Core i5 12th Gen 1235U,46500,41499,935,65,4.1,Lenovo,10
GIGABYTE G6X 9KG-43IN854SH Intel Core i7 13th Gen G Series,175000,84990,3,1,5.0,GIGABYTE,51
HP 15 G9 (2025) AMD Ryzen 3 Dual Core 3250U,50299,29900,4,0,5.0,HP,40
Acer Predator Helios Neo 16 Intel Core i7 14th Gen 14700HX,142999,104990,182,27,4.4,Acer,26
MSI Thin 15 Intel Core i5 12th Gen 12450H,70990,55990,1291,103,4.3,MSI,21
HP Victus Gaming 15-With Backlit AMD Ryzen 5 Hexa Core R5-5600H,69688,54990,762,55,4.3,HP,21
"ASUS Vivobook 16 (2025), Copilot + PC with Office 2024 + M365 Basic*, AI PC Qualcomm Snapdragon X",84990,65990,41,4,4.0,ASUS,22
Lenovo IdeaPad Slim 5 WUXGA OLED AI PC Intel Core Ultra 5 125H,101090,76990,332,38,4.1,Lenovo,23
MOTOROLA Motobook 60 Full Metal Intel Core 7 (Series 2) 240H,110490,78990,36,7,4.3,MOTOROLA,28
Acer Swift Go 14 Snapdragon X Plus,108799,59990,216,40,4.3,Acer,44
"ASUS Vivobook 16 (2025), Copilot + PC with Office 2024 + M365 Basic*, AI PC Qualcomm Snapdragon X",84990,65990,41,4,4.0,ASUS,22
Lenovo IdeaPad 3 Intel Core i3 12th Gen 1215U,55190,35900,1781,98,4.2,Lenovo,34
"ASUS TUF Gaming F15, 90WHrs Battery Intel Core i7 13th Gen 13620H",131990,99990,87,7,4.1,ASUS,24
DELL 15 Intel Core i3 12th Gen 1215U,44861,32990,639,45,4.2,DELL,26
Lenovo IdeaPad Slim 5 Co-Pilot PC Snapdragon X Plus,125890,54990,160,24,4.2,Lenovo,56
DELL 15 Intel Core i5 13th Gen 1334U,62415,50990,3,1,4.0,DELL,18
ASUS Vivobook 16 (2025) with Office 2024 + M365 Basic* Intel Core i5 13th Gen 13420H,72990,57889,0,0,0.0,ASUS,20
MSI Thin 15 Intel Core i7 12th Gen 12650H,83990,62990,149,14,4.1,MSI,25
Infinix ZEROBOOK 13 Intel Core i5 13th Gen 13500H,79990,44990,575,91,4.1,Infinix,43
"ASUS Vivobook S 15 OLED Powered Copilot + , AI PC Snapdragon X Elite",146990,94990,28,2,4.2,ASUS,35
DELL 15 Intel Core i3 12th Gen 1215U,48529,34990,204,10,4.3,DELL,27
Lenovo IdeaPad Flex 5 Intel Core i5 12th Gen 1235U,111190,84402,24,3,4.0,Lenovo,24
HP 15s AMD Athlon Dual Core 3050U,35170,29700,3953,292,4.1,HP,15
CHUWI Intel Celeron Dual Core 11th Gen N4020,34990,16990,1505,188,3.7,CHUWI,51
CHUWI Intel Celeron Quad Core 12th Gen N100,34990,17990,505,90,4.1,CHUWI,48
"ASUS Vivobook 15, with Backlit Keyboard, Intel Core i3 12th Gen 1215U",54990,35990,6315,473,4.3,ASUS,34
HP 250R G9 Intel Core i3 13th Gen 1315U,50990,32200,192,15,4.2,HP,36
Lenovo IdeaPad Flex 5 AMD Ryzen 7 Octa Core 5700U,99000,68499,74,8,4.2,Lenovo,30
Lenovo IdeaPad Slim 3 Backlit Intel Core i5 12th Gen 12450H,75000,52499,699,51,4.2,Lenovo,30
DELL 15 Intel Core i5 12th Gen 1235U,62415,45990,191,6,4.2,DELL,26
Lenovo V 15 (2025) Intel Core i3 12th Gen 1215U,94990,33990,0,0,0.0,Lenovo,64
Infinix ZERO BOOK Series Intel Core i5 12th Gen 12500H,79990,51999,129,23,4.2,Infinix,34
Acer Swift Go 14 Snapdragon X Plus,108799,59990,216,40,4.3,Acer,44
"ASUS Vivobook 16 (2025), Copilot + PC with Office 2024 + M365 Basic*, AI PC Qualcomm Snapdragon X",84990,65990,41,4,4.0,ASUS,22
"ASUS Zenbook 14 OLED (2025) with Office 2024 + M365 Basic*, AI PC Intel Core Ultra 5 225H",135990,112990,4,0,5.0,ASUS,16
Infinix ZERO BOOK ULTRA Series Laptop Intel Intel Core i9 12th Gen 12900H,129990,72999,66,12,4.2,Infinix,43
HP Intel Core i5 13th Gen 1334U,70502,52899,22,0,3.9,HP,24
Lenovo ThinkBook 15 G4 Intel Core i5 12th Gen 1235U,102240,42990,188,18,4.1,Lenovo,57
DELL 15 Intel Core i3 12th Gen 1215U,44861,32990,639,45,4.2,DELL,26
Lenovo IdeaPad Slim 5 Co-Pilot PC Snapdragon X Plus,125890,54990,160,24,4.2,Lenovo,56
HP 14s Intel Core i3 11th Gen,43595,37999,1596,196,4.3,HP,12
ASUS Expertbook P5 full metal AI PC Intel Core Ultra 5 226V,179990,94990,4,1,4.8,ASUS,47
DELL 15 Intel Core i3 12th Gen 1215U,48529,34990,204,10,4.3,DELL,27
CHUWI Intel Celeron Dual Core 11th Gen N4020,34990,16990,1505,188,3.7,CHUWI,51
HP Intel Core i5 13th Gen,91615,69990,52,2,4.5,HP,23
HP Victus AMD Ryzen 5 Hexa Core,89000,63499,3,1,2.3,HP,28
Lenovo IdeaPad Slim 5 Intel Core i5 12th Gen 12450H,72990,57990,399,32,4.2,Lenovo,20
ASUS Vivobook Go 14 AMD Ryzen 3 Quad Core 7320U,50990,33990,1533,149,4.3,ASUS,33
CHUWI Intel Celeron Quad Core 12th Gen N100,34990,17990,505,90,4.1,CHUWI,48
Acer Aspire 3 Backlit Intel Core i5 12th Gen 1235U,53000,39999,2901,210,4.1,Acer,24
ASUS TUF Gaming A15 AMD Ryzen 7 Octa Core 7435HS,119990,99990,62,6,4.6,ASUS,16
DELL 15 Intel Core i3 13th Gen 1305U,44527,35990,10,1,3.4,DELL,19
DELL 15 Intel Core i5 12th Gen 1235U,62415,45990,191,6,4.2,DELL,26
"ASUS Gaming V16 (2025) with Office 2024 + M365 Basic*, AI PC Intel Core 5 210H",86990,84990,7,2,4.9,ASUS,2
Lenovo IdeaPad Slim 3 Intel Core i3 13th Gen 1305U,56490,39990,70,9,4.1,Lenovo,29
ASUS AMD Ryzen 5 Quad Core,62990,37990,35,1,4.1,ASUS,39
Acer Aspire 7 Intel Core i5 12th Gen 12450H,84999,52990,2558,207,4.2,Acer,37
Acer Swift Go 14 Snapdragon X Plus,108799,59990,216,40,4.3,Acer,44
"ASUS Vivobook 16 (2025), Copilot + PC with Office 2024 + M365 Basic*, AI PC Qualcomm Snapdragon X",84990,65990,41,4,4.0,ASUS,22
MSI Thin 15 Intel Core i5 12th Gen 12450H,87990,77990,0,0,0.0,MSI,11
MSI GF63 Intel Core i7 12th Gen 12650H,111990,82999,139,11,4.3,MSI,25
DELL 15 Intel Core i3 12th Gen 1215U,44861,32990,639,45,4.2,DELL,26
Lenovo IdeaPad Slim 5 Co-Pilot PC Snapdragon X Plus,125890,54990,160,24,4.2,Lenovo,56
ASUS Vivobook S 15 OLED Intel Core i9 13th Gen 13900H,134990,99990,83,4,4.4,ASUS,25
MSI GF63 Intel Core i5 12th Gen 12450H,94990,50999,58,6,4.4,MSI,46
Infinix ZERO BOOK Series Laptop Intel Intel Core i7 12th Gen 12700H,99990,58999,28,6,3.7,Infinix,40
Lenovo Legion Go AMD Ryzen Z1 Extreme,125890,69990,36,7,4.8,Lenovo,44
DELL 15 Intel Core i3 12th Gen 1215U,48529,34990,204,10,4.3,DELL,27
CHUWI Intel Celeron Dual Core 11th Gen N4020,34990,16990,1505,188,3.7,CHUWI,51
Acer Aspire 5 Backlit Intel Core i5 13th Gen 1335U,69990,51990,28,3,4.0,Acer,25
Ultimus Neo Intel Core i3 10th Gen Neo,35999,21990,9,2,4.2,Ultimus,38
CHUWI Intel Celeron Quad Core 12th Gen N100,34990,17990,505,90,4.1,CHUWI,48
HP Pavilion 15 FHD Display AMD Ryzen 5 Hexa Core 7530U,58841,41999,1036,103,4.3,HP,28
Avita Liber E Intel Core i3 12th Gen 1215U,59980,25990,24,8,3.4,Avita,56
DELL 15 AMD Ryzen 5 Quad Core 7520U,48982,39490,25,2,4.3,DELL,19
Apple 2020 Macbook Air Apple M1,109900,102990,921,93,4.7,Apple,6
Lenovo 100e Chromebook Gen 4 MediaTek Kompanio 520,16298,9999,12,0,4.0,Lenovo,38
CHUWI Intel Celeron Quad Core 12th Gen N100,34990,17990,505,90,4.1,CHUWI,48
HP G8 AMD Ryzen 5 Hexa Core 5th Gen 5500U,55000,32999,10,1,4.2,HP,40
HP Intel Core i5 13th Gen 1334U,79999,55900,230,15,4.1,HP,30
HP Victus Intel Core i5 13th Gen 13420H,95746,75990,28,1,3.9,HP,20
DELL G15 Intel Core i5 13th Gen 13450HX,93021,71990,76,6,4.0,DELL,22
"DELL Inspiron 15 with Backlit Keyboard, Intel Core i3 12th Gen 1215U",52345,39490,99,11,4.1,DELL,24
Acer Aspire 5 15 Intel Core i5 13th Gen 1335U,69990,50990,3,0,4.7,Acer,27
HP AMD Ryzen 3 Dual Core,32990,29890,0,0,0.0,HP,9
MSI Intel Core i7 14th Gen 14700HX,196990,174590,0,0,0.0,MSI,11
CHUWI Intel Core i3 12th Gen 1220P,44490,24990,35,6,3.7,CHUWI,43
Acer Aspire 5 15 Intel Core i5 13th Gen 1335U,77999,56990,39,3,4.3,Acer,26
Lenovo V15 Intel Core i3 12th Gen 1215U,58187,30499,511,28,4.1,Lenovo,47
HP AMD Ryzen 5 Hexa Core 5500U,48419,36990,345,28,4.4,HP,23
ASUS Vivobook S 15 OLED Intel EVO H-Series Intel Core i5 13th Gen 13500H,89990,79890,14,2,3.9,ASUS,11
HP 15s Intel Core i3 12th Gen 1215U,56260,38999,6980,568,4.2,HP,30
MSI Modern 15 Intel Core i5 12th Gen 1235U,57990,44990,1833,180,4.3,MSI,22
ASUS Vivobook 15 Intel Core i5 12th Gen 1235U,74990,51990,7265,408,4.2,ASUS,30
MSI Modern 15 Intel Core i3 12th Gen 1215U,48990,37990,1703,192,4.3,MSI,22
DELL 15 Intel Core i5 13th Gen 1334U,63416,49750,218,10,4.2,DELL,21
ASUS Vivobook 15 Intel Core i5 12th Gen 1235U,70990,46999,1154,78,4.2,ASUS,33
HP Victus AMD Ryzen 5 Hexa Core,89000,63499,3,1,2.3,HP,28
Acer ALG Intel Core i5 12th Gen 12450H,79990,63990,55,3,4.1,Acer,20
HP 14R (2025) Intel Core i3 13th Gen 1315U,76990,32290,0,0,0.0,HP,58
Lenovo 100e Chromebook Gen 4 MediaTek Kompanio 520,16298,9999,12,0,4.0,Lenovo,38
CHUWI Intel Celeron Quad Core 12th Gen N100,34990,17990,505,90,4.1,CHUWI,48
HP 255 G9 840T7PA AMD Athlon Dual Core 3050U,29022,24990,1741,130,4.0,HP,13
HP Intel Core i5 13th Gen 1334U,70502,52899,22,0,3.9,HP,24
Ultimus Pro Intel Celeron Dual Core N4020,35990,15989,252,37,3.3,Ultimus,55
MSI Modern 15 Intel Core i7 12th Gen 1255U,68990,56990,181,21,4.3,MSI,17
HP Victus Intel Core i5 13th Gen 13420H,95746,75990,28,1,3.9,HP,20
CHUWI Intel Core i3 12th Gen 1220P,44490,24990,35,6,3.7,CHUWI,43
MSI Modern 15 Intel Core i7 12th Gen 1255U,66990,54990,181,21,4.3,MSI,17
Lenovo LOQ Intel Core i7 13th Gen 13650HX,135000,112491,299,21,4.3,Lenovo,16
Lenovo Ideapad Intel Core i5 12th Gen 12450H,73322,52400,80,5,4.1,Lenovo,28
HP 15s Intel Core i5 12th Gen 1235U,61990,46490,2292,167,4.3,HP,25
"ASUS Vivobook S 15 OLED Powered, Intel EVO H Series, AI PC Intel Core Ultra 9 185H",152990,119990,4,1,5.0,ASUS,21
HP Intel Intel Core i5 11th Gen 1155G7,59900,49900,3937,276,4.3,HP,16
HP 15 G10 (2025) AMD Athlon Dual Core 7120U,49999,24750,5,1,3.2,HP,50
MSI Modern 14 Intel Core i5 12th Gen 1235U,52990,42990,229,25,4.4,MSI,18
Ultimus Pro Intel Dual Core,24990,11990,0,0,0.0,Ultimus,52
MSI Modern 15 Intel Core i3 12th Gen 1215U,48990,37990,102,10,4.1,MSI,22
MSI AMD Ryzen 5 Hexa Core 7535HS,81990,64990,0,0,0.0,MSI,20
MSI AMD Ryzen 5 Hexa Core 7535HS,75990,56990,0,0,0.0,MSI,25
HP 14R (2025) Intel Core i3 13th Gen 1315U,82000,43800,0,0,0.0,HP,46
HP 15s AMD Ryzen 3 Quad Core 5300U,44466,30500,302,46,4.3,HP,31
Acer Aspire 5 15 Intel Core i3 13th Gen 1305U,50990,39990,16,1,3.9,Acer,21
Lenovo IdeaPad Slim 3 Intel Core i3 13th Gen 1305U,69990,39490,134,12,4.1,Lenovo,43
Acer Aspire 3 Backlit Intel Core i3 12th Gen 1215U,44000,31990,211,21,4.2,Acer,27
Acer Swift Go 14 Snapdragon X Plus,108799,59990,216,40,4.3,Acer,44
"ASUS Vivobook 16 (2025), Copilot + PC with Office 2024 + M365 Basic*, AI PC Qualcomm Snapdragon X",84990,65990,41,4,4.0,ASUS,22
MOTOROLA Motobook 60 Full Metal Intel Core 7 (Series 2) 240H,104890,74990,36,7,4.3,MOTOROLA,28
Lenovo V14 Intel Core i5 11th Gen 1135G7,63500,41000,18,1,4.2,Lenovo,35
DELL 15 Intel Core i3 12th Gen 1215U,44861,32990,639,45,4.2,DELL,26
Lenovo IdeaPad Slim 5 Co-Pilot PC Snapdragon X Plus,125890,54990,160,24,4.2,Lenovo,56
